------------------------- TABLAS ---------------------------------------------------

CREATE TABLE Marca (
  id_marca SERIAL PRIMARY KEY,
  nombre_marca VARCHAR(100) NOT NULL,
  pais_origen VARCHAR(100)
);

CREATE TABLE Categoria_Producto (
  id_categoria SERIAL PRIMARY KEY,
  nombre_categoria VARCHAR(100) NOT NULL
);

CREATE TABLE Proveedor (
  id_proveedor SERIAL PRIMARY KEY,
  nombre VARCHAR(100) NOT NULL,
  direccion VARCHAR(200),
  telefono VARCHAR(15),
  email VARCHAR(100) UNIQUE
);

CREATE TABLE Producto (
  id_producto SERIAL PRIMARY KEY,
  nombre VARCHAR(100) NOT NULL,
  descripcion TEXT,
  precio NUMERIC(10, 2) NOT NULL CHECK (precio >= 0),
  stock_disponible INT NOT NULL CHECK (stock_disponible >= 0),
  categoria_id INT REFERENCES Categoria_Producto(id_categoria),
  proveedor_id INT REFERENCES Proveedor(id_proveedor),
  marca_id INT REFERENCES Marca(id_marca)
);

CREATE TABLE Cliente (
  id_cliente SERIAL PRIMARY KEY,
  nombre VARCHAR(100) NOT NULL,
  direccion VARCHAR(200),
  telefono VARCHAR(15),
  email VARCHAR(100) UNIQUE,
  fecha_registro DATE NOT NULL
);

CREATE TABLE Vendedor (
  id_vendedor SERIAL PRIMARY KEY,
  nombre VARCHAR(100) NOT NULL,
  telefono VARCHAR(15),
  email VARCHAR(100) UNIQUE
);

CREATE TABLE Factura_Maestro (
  id_factura_maestro SERIAL PRIMARY KEY,
  numero_factura VARCHAR(50) NOT NULL,
  cliente_id INT REFERENCES Cliente(id_cliente),
  fecha_factura DATE NOT NULL,
  nit_cliente VARCHAR(20) NOT NULL,
  total NUMERIC(10, 2) NOT NULL,
  total_pagado NUMERIC(10, 2) DEFAULT 0.00,
  estado_factura VARCHAR(20) NOT NULL CHECK (estado_factura IN ('pendiente', 'pagada', 'anulada')),
  metodo_pago VARCHAR(50)
);

CREATE TABLE Factura_Detalle (
  id_factura_detalle SERIAL PRIMARY KEY,
  factura_maestro_id INT REFERENCES Factura_Maestro(id_factura_maestro),
  producto_id INT REFERENCES Producto(id_producto),
  cantidad INT NOT NULL,
  precio_unitario NUMERIC(10, 2) NOT NULL,
  total_producto NUMERIC(10, 2) NOT NULL
);

CREATE TABLE Inventario (
  id_inventario SERIAL PRIMARY KEY,
  producto_id INT REFERENCES Producto(id_producto),
  cantidad INT NOT NULL,
  fecha_movimiento DATE NOT NULL,
  tipo_movimiento VARCHAR(20) NOT NULL -- entrada o salida
);

CREATE TABLE Sucursal (
  id_sucursal SERIAL PRIMARY KEY,
  nombre_sucursal VARCHAR(100) NOT NULL,
  direccion VARCHAR(200),
  telefono VARCHAR(15)
);

CREATE TABLE Venta (
  id_venta SERIAL PRIMARY KEY,
  sucursal_id INT REFERENCES Sucursal(id_sucursal),
  total_venta NUMERIC(10, 2) NOT NULL,
  fecha_venta DATE NOT NULL,
  numero_facturas INT NOT NULL
);

CREATE TABLE Venta_Factura_Maestro (
  id_venta_factura SERIAL PRIMARY KEY,
  venta_id INT REFERENCES Venta(id_venta),
  factura_maestro_id INT REFERENCES Factura_Maestro(id_factura_maestro)
);

CREATE TABLE Descuento (
  id_descuento SERIAL PRIMARY KEY,
  nombre_descuento VARCHAR(100) NOT NULL,
  porcentaje NUMERIC(5, 2),
  monto_fijo NUMERIC(10, 2),
  fecha_inicio DATE NOT NULL,
  fecha_fin DATE NOT NULL
);

CREATE TABLE Producto_Descuento (
  id_producto_descuento SERIAL PRIMARY KEY,
  producto_id INT REFERENCES Producto(id_producto),
  descuento_id INT REFERENCES Descuento(id_descuento),
  cantidad_aplicada NUMERIC(10, 2) NOT NULL
);


------------------------- TRIGGERS ---------------------------------------------------

--Actualizar stock
CREATE OR REPLACE FUNCTION fn_actualizar_stock_despues_venta()
RETURNS TRIGGER AS $$
BEGIN
  UPDATE Producto
  SET stock_disponible = stock_disponible - NEW.cantidad
  WHERE id_producto = NEW.producto_id;
  RETURN NEW;
END;
$$ LANGUAGE plpgsql;

CREATE TRIGGER actualizar_stock_despues_venta
AFTER INSERT ON Factura_Detalle
FOR EACH ROW
EXECUTE FUNCTION fn_actualizar_stock_despues_venta();

--Evitar venta sin stock
CREATE OR REPLACE FUNCTION fn_evitar_venta_sin_stock()
RETURNS TRIGGER AS $$
DECLARE
  stock_actual INT;
BEGIN
  SELECT stock_disponible INTO stock_actual
  FROM Producto
  WHERE id_producto = NEW.producto_id;

  IF stock_actual < NEW.cantidad THEN
    RAISE EXCEPTION 'No hay suficiente stock para realizar la venta';
  END IF;

  RETURN NEW;
END;
$$ LANGUAGE plpgsql;

CREATE TRIGGER evitar_venta_sin_stock
BEFORE INSERT ON Factura_Detalle
FOR EACH ROW
EXECUTE FUNCTION fn_evitar_venta_sin_stock();

--Movimiento inventario Entrada 
CREATE OR REPLACE FUNCTION fn_registrar_movimiento_inventario()
RETURNS TRIGGER AS $$
BEGIN
  INSERT INTO Inventario (producto_id, cantidad, fecha_movimiento, tipo_movimiento)
  VALUES (NEW.id_producto, NEW.stock_disponible, CURRENT_DATE, 'entrada');
  RETURN NEW;
END;
$$ LANGUAGE plpgsql;

CREATE TRIGGER registrar_movimiento_inventario
AFTER INSERT ON Producto
FOR EACH ROW
EXECUTE FUNCTION fn_registrar_movimiento_inventario();

--Movimiento inventario Salida
CREATE OR REPLACE FUNCTION fn_registrar_salida_inventario()
RETURNS TRIGGER AS $$
BEGIN
  -- Se inserta el movimiento de salida en Inventario
  INSERT INTO Inventario (producto_id, cantidad, fecha_movimiento, tipo_movimiento)
  VALUES (NEW.id_producto, OLD.stock_disponible - NEW.stock_disponible, CURRENT_DATE, 'salida');
  
  RETURN NEW;
END;
$$ LANGUAGE plpgsql;

CREATE TRIGGER registrar_salida_inventario
AFTER UPDATE OF stock_disponible ON Producto
FOR EACH ROW
WHEN (OLD.stock_disponible > NEW.stock_disponible)
EXECUTE FUNCTION fn_registrar_salida_inventario();



-------------------- INSERTS --------------------------------------
INSERT INTO Marca (nombre_marca, pais_origen) VALUES
('Gucci', 'Italia'),
('Prada', 'Italia'),
('Louis Vuitton', 'Francia'),
('Hermès', 'Francia'),
('Burberry', 'Reino Unido'),
('Dolce & Gabbana', 'Italia'),
('Versace', 'Italia'),
('Balenciaga', 'Francia'),
('Valentino', 'Italia'),
('Yves Saint Laurent', 'Francia');
('Tommy Hilfiger', 'Estados Unidos'),
('Polo Ralph Lauren', 'Estados Unidos'),
('Calvin Klein', 'Estados Unidos'),
('Lacoste', 'Francia'),
('Guess', 'Estados Unidos'),
('Giorgio Armani', 'Italia'),
('Christian Dior', 'Francia'),
('Chanel', 'Francia'),
('Moncler', 'Italia');

INSERT INTO Categoria_Producto (nombre_categoria) VALUES
('Camisas de seda'),
('Chaquetas de cuero'),
('Pantalones de vestir'),
('Vestidos de noche'),
('Trajes a medida'),
('Abrigos de lana'),
('Zapatos italianos'),
('Bolsos premium'),
('Accesorios de piel'),
('Corbatas de diseño');
('Blusas'),
('Vestidos'),
('Pantalones'),
('Camisetas'),
('Chaquetas'),
('Abrigos'),
('Jeans'),
('Faldas'),
('Bermudas'),
('Tops'),
('Ropa interior'),
('Pijamas'),
('Bolsos'),
('Zapatos'),
('Botas'),
('Sandalias'),
('Trajes'),
('Accesorios'),
('Carteras'),
('Gorros y bufandas');

INSERT INTO Proveedor (nombre, direccion, telefono, email) VALUES
('Luxury Textiles Corp', 'Via della Seta 45, Milán', '+39021234567', 'textiles@luxury.it'),
('Cuero Premium S.A.', 'Calle Tenerías 8, Madrid', '+34915876543', 'cuero@premium.es'),
('Boutique Parisienne', 'Rue Saint-Honoré 202, París', '+33142639874', 'paris@boutique.fr'),
('Silk Road Imports', '5th Avenue 1001, Nueva York', '+12125551234', 'silk@imports.com'),
('Italian Shoemakers', 'Piazza della Scala 5, Milán', '+39027654321', 'shoes@italian.it'),
('British Wool Co.', 'Savile Row 12, Londres', '+442079876543', 'wool@british.uk'),
('Swiss Watches Ltd', 'Bahnhofstrasse 30, Zúrich', '+41442223344', 'time@swiss.ch'),
('French Perfumes', 'Place Vendôme 18, París', '+33149876543', 'parfum@france.fr'),
('Japanese Denim Co', 'Omotesando 3-5-2, Tokio', '+81354126897', 'denim@japan.jp'),
('Egyptian Cotton Group', 'Nile Corniche 45, El Cairo', '+20225789456', 'cotton@egypt.eg')
('Egyptian Cotton Group', 'Nile Corniche 45, El Cairo', '+20225789456', 'cotton@egypt.eg'),
('Global Textiles Inc', '123 Fashion St, Nueva York', '+12125559999', 'contact@globaltextiles.com'),
('Urban Footwear Co.', '456 Shoe Ave, Los Ángeles', '+13105558888', 'sales@urbanfootwear.com'),
('Moda y Estilo S.L.', 'Calle de la Moda 10, Barcelona', '+34931234567', 'info@modaestilo.es'),
('Ropa Moderna Ltda.', 'Av. Central 200, Buenos Aires', '+541123456789', 'ventas@ropamoderna.ar'),
('Textiles del Sur', 'Rua das Tecelãs 50, São Paulo', '+551112345678', 'contact@textilesdelsur.com'),
('Calzado Continental', 'Avenida Zapato 88, Ciudad de México', '+525512345678', 'ventas@calzadocontinental.mx'),
('Fashion Fabrics', '789 Textile Blvd, Londres', '+442079876543', 'info@fashionfabrics.uk'),
('Clothing World', '321 Apparel Rd, Toronto', '+14165551234', 'contact@clothingworld.ca'),
('Vestidos y Más', 'Calle Elegancia 22, Madrid', '+34911223344', 'ventas@vestidosymas.es'),
('Zapatos Urbanos', 'Av. Calzado 100, Bogotá', '+571600123456', 'contact@zapatosurbanos.co');

INSERT INTO Producto (nombre, descripcion, precio, stock_disponible, categoria_id, proveedor_id, marca_id) VALUES
('Camisa Algodón Egipcio', 'Camisa 100% algodón egipcio premium', 450.00, 25, 1, 10, 1),
('Chaqueta Cuero Caballero', 'Chaqueta de cuero italiano teñido a mano', 2200.00, 12, 2, 2, 3),
('Pantalón Versace Oro', 'Pantalón de vestir con detalles en hilo de oro', 850.00, 18, 3, 1, 7),
('Bolso Birkin 30', 'Bolso Hermès en piel de cocodrilo', 25000.00, 3, 8, 3, 4),
('Zapato Oxford Balenciaga', 'Zapato formal en piel de becerro francés', 780.00, 15, 7, 5, 8),
('Abrigo Burberry Trench', 'Abrigo clásico en gabardina impermeable', 1850.00, 8, 6, 6, 5),
('Corbata Seda Jacquard', 'Corbata de seda con diseño exclusivo', 210.00, 40, 10, 4, 6),
('Vestido Noche Prada', 'Vestido largo de seda con cristales Swarovski', 3600.00, 5, 4, 1, 2),
('Reloj Cuarzo Suizo', 'Reloj de pulsera con correa de piel', 4200.00, 10, 9, 7, 4),
('Guantes Piel Cabritilla', 'Guantes de piel suave forrados en seda', 320.00, 20, 9, 2, 9),
('Camiseta Cuello V', 'Camiseta de algodón con cuello en V', 22.00, 150, 3, 1, 1),
('Blusa de Seda', 'Blusa de seda color pastel', 60.00, 50, 6, 2, 2),
('Pantalón de Chándal', 'Pantalón cómodo para deporte', 35.00, 120, 4, 3, 3),
('Chaqueta de Algodón', 'Chaqueta ligera para entretiempo', 80.00, 75, 5, 4, 4),
('Jeans Skinny', 'Jeans ajustados de mezclilla', 45.00, 130, 7, 5, 5),
('Falda Midi', 'Falda midi de tela fluida', 55.00, 90, 8, 6, 6),
('Camiseta Estampada', 'Camiseta con estampado gráfico', 20.00, 200, 9, 7, 7),
('Traje de Baño', 'Bikini de dos piezas', 30.00, 100, 10, 8, 8),
('Bermuda Casual', 'Bermuda de lino ideal para el verano', 28.00, 110, 11, 9, 9),
('Sandalias Planas', 'Sandalias planas de cuero', 40.00, 80, 12, 10, 10),
('Botines de Cuero', 'Botines de cuero con tacón bajo', 65.00, 60, 13, 11, 11),
('Saco de Lino', 'Saco ligero ideal para clima cálido', 95.00, 40, 14, 12, 12),
('Pantalón de Traje', 'Pantalón formal de lana', 70.00, 150, 15, 13, 13),
('Camisón de Noche', 'Camisón de algodón suave para descansar', 32.00, 70, 16, 14, 14),
('Zapatos de Tacón', 'Zapatos elegantes de tacón alto', 85.00, 90, 17, 15, 15),
('Bolsos de Mano', 'Bolso de mano de cuero', 120.00, 50, 18, 16, 16),
('Tops Cortos', 'Tops de algodón para el verano', 18.00, 150, 19, 17, 17),
('Chaqueta de Plumas', 'Chaqueta cálida con plumas', 120.00, 65, 20, 18, 18),
('Bañador de Una Pieza', 'Bañador de una pieza, con detalles', 40.00, 110, 1, 19, 1),
('Gorra Deportiva', 'Gorra deportiva con logo', 18.00, 200, 2, 20, 2),
('Pantalón Casual', 'Pantalón cómodo de algodón', 35.00, 140, 3, 1, 3),
('Vestido Largo', 'Vestido largo de fiesta', 150.00, 45, 4, 2, 4),
('Blusa de Manga Larga', 'Blusa formal de manga larga', 50.00, 85, 5, 3, 5),
('Falda Corta', 'Falda corta ajustada', 40.00, 100, 6, 4, 6),
('Reloj de Pulsera', 'Reloj casual de pulsera', 220.00, 25, 7, 5, 7),
('Cartera de Mano', 'Cartera de mano de cuero sintético', 60.00, 60, 8, 6, 8),
('Bermuda Deportiva', 'Bermuda para actividades deportivas', 35.00, 120, 9, 7, 9),
('Chaqueta de Lana', 'Chaqueta de lana con botones', 100.00, 50, 10, 8, 10),
('Zapatos de Charol', 'Zapatos de charol para eventos formales', 120.00, 35, 11, 9, 11),
('Pantalón de Pescador', 'Pantalón cómodo tipo pescador', 32.00, 150, 12, 10, 12),
('Camiseta Manga Larga', 'Camiseta de manga larga para climas fríos', 45.00, 80, 13, 11, 13),
('Chaleco de Lana', 'Chaleco de lana para entretiempo', 60.00, 40, 14, 12, 14),
('Batas de Dormir', 'Bata de dormir de algodón suave', 50.00, 60, 15, 13, 15),
('Blusa Casual', 'Blusa casual para uso diario', 25.00, 130, 16, 14, 16),
('Reloj de Pulsera Formal', 'Reloj con correa de cuero para eventos', 300.00, 30, 17, 15, 17),
('Camiseta de Manga Corta', 'Camiseta básica de manga corta', 15.00, 200, 18, 16, 18),
('Pantalón de Lino', 'Pantalón fresco de lino', 50.00, 85, 19, 17, 19),
('Suéter de Lana', 'Suéter cálido de lana', 70.00, 95, 20, 18, 20),
('Bermuda de Algodón', 'Bermuda ligera de algodón', 32.00, 150, 1, 19, 1),
('Blusa de Encaje', 'Blusa de encaje para eventos elegantes', 65.00, 75, 2, 20, 2),
('Pantalón Recto', 'Pantalón de corte recto', 55.00, 110, 3, 1, 3),
('Bolsos de Tela', 'Bolsos de tela para el día a día', 25.00, 130, 4, 2, 4),
('Vestido Casual', 'Vestido casual para el día', 80.00, 50, 5, 3, 5),
('Blusa sin Mangas', 'Blusa ligera sin mangas para verano', 30.00, 150, 6, 4, 6),
('Camiseta Deportiva', 'Camiseta de material deportivo', 35.00, 80, 7, 5, 7),
('Jeans Skinny Tiro Alto', 'Jeans ajustados de tiro alto', 45.00, 90, 8, 6, 8),
('Pantalón Casual de Hombre', 'Pantalón formal para hombre', 55.00, 100, 9, 7, 9),
('Zapatos de Charol para Mujer', 'Zapatos elegantes de charol para mujer', 100.00, 40, 10, 8, 10),
('Bermuda de Hombre', 'Bermuda de hombre para clima cálido', 28.00, 150, 11, 9, 11),
('Falda Plisada', 'Falda de tela plisada', 45.00, 80, 12, 10, 12),
('Camiseta de Algodón para Niño', 'Camiseta para niños de algodón suave', 20.00, 200, 13, 11, 13),
('Pantalón Corto', 'Pantalón corto cómodo para verano', 25.00, 120, 14, 12, 14),
('Tops de Verano', 'Tops frescos para el verano', 18.00, 150, 15, 13, 15),
('Chaqueta de Punto', 'Chaqueta de punto para uso casual', 55.00, 100, 16, 14, 16),
('Pantalón de Chino', 'Pantalón chino casual para uso diario', 45.00, 120, 17, 15, 17),
('Blusa de Punto', 'Blusa de punto suave para el frío', 50.00, 90, 18, 16, 18),
('Falda Larga', 'Falda larga para el verano', 35.00, 100, 19, 17, 19),
('T-shirt Deportiva', 'T-shirt para deportes y actividades físicas', 25.00, 150, 20, 18, 20),
('Bermuda Estampada', 'Bermuda de algodón con estampado tropical', 30.00, 100, 1, 19, 1),
('Camiseta de Regalo', 'Camiseta de regalo con estampado especial', 20.00, 200, 2, 20, 2)
('Camiseta de Algodón Básica', 'Camiseta básica 100% algodón', 22.00, 150, 3, 1, 1),
('Pantalón Corto Casual', 'Pantalón corto ideal para el verano', 28.00, 120, 4, 2, 2),
('Chaqueta de Cuero', 'Chaqueta de cuero de alta calidad', 250.00, 50, 5, 3, 3),
('Vestido de Fiesta', 'Vestido de fiesta largo y elegante', 120.00, 45, 6, 4, 4),
('Pantalón de Tela', 'Pantalón formal de tela con pinzas', 60.00, 90, 7, 5, 5),
('Sandalias de Cuero', 'Sandalias elegantes de cuero', 40.00, 60, 8, 6, 6),
('Pijamas de Algodón', 'Pijamas suaves de algodón', 30.00, 120, 9, 7, 7),
('Bermuda de Lino', 'Bermuda fresca y cómoda para el verano', 35.00, 110, 10, 8, 8),
('Zapatos de Cuero', 'Zapatos de cuero para uso formal', 100.00, 75, 11, 9, 9),
('Botas de Invierno', 'Botas de invierno de piel', 150.00, 30, 12, 10, 10),
('Cartera de Cuero', 'Cartera de mano de cuero genuino', 80.00, 50, 13, 11, 11),
('Falda de Cuero', 'Falda de cuero ajustada', 70.00, 60, 14, 12, 12),
('Blusa de Seda', 'Blusa de seda con detalles en el cuello', 90.00, 40, 15, 13, 13),
('Vestido Casual', 'Vestido casual de algodón', 50.00, 120, 16, 14, 14),
('Pantalón de Algodón', 'Pantalón casual de algodón con bolsillos', 45.00, 150, 17, 15, 15),
('Jeans de Corte Recto', 'Jeans con corte recto de mezclilla', 55.00, 100, 18, 16, 16),
('Falda Plisada', 'Falda plisada de tela ligera', 40.00, 80, 19, 17, 17),
('Bermuda de Algodón', 'Bermuda de algodón con diseño clásico', 35.00, 150, 20, 18, 18),
('Camiseta de Manga Larga', 'Camiseta de manga larga para el frío', 40.00, 120, 1, 19, 1),
('Blusa Formal', 'Blusa de oficina con botones', 50.00, 90, 2, 20, 2),
('Pantalón de Traje', 'Pantalón de traje formal', 70.00, 80, 3, 1, 3),
('Chaqueta Deportiva', 'Chaqueta deportiva ligera', 60.00, 100, 4, 2, 4),
('T-shirt Estampada', 'T-shirt con estampado gráfico', 25.00, 200, 5, 3, 5),
('Zapatos de Tenis', 'Zapatos deportivos para uso casual', 80.00, 50, 6, 4, 6),
('Botines de Mujer', 'Botines cómodos de cuero para mujer', 75.00, 40, 7, 5, 7),
('Falda de Lino', 'Falda ligera de lino para el verano', 55.00, 110, 8, 6, 8),
('Blusa sin Mangas', 'Blusa sin mangas para verano', 30.00, 150, 9, 7, 9),
('Pantalón de Tela', 'Pantalón casual de tela con bolsillos laterales', 65.00, 100, 10, 8, 10),
('Cartera de Tela', 'Cartera de tela con diseño estampado', 20.00, 200, 11, 9, 11),
('Tops Deportivos', 'Top deportivo de algodón para entrenamiento', 30.00, 120, 12, 10, 12),
('Pantalón de Chino', 'Pantalón chino estilo relajado', 60.00, 150, 13, 11, 13),
('Vestido de Verano', 'Vestido de verano con tirantes', 45.00, 90, 14, 12, 14),
('Bermuda Estampada', 'Bermuda estampada de algodón', 28.00, 130, 15, 13, 15),
('Blusa de Manga Corta', 'Blusa de manga corta y cómoda', 22.00, 150, 16, 14, 16),
('Pantalón Ajustado', 'Pantalón ajustado de mezclilla', 55.00, 120, 17, 15, 17),
('Chaqueta de Cuero Sintético', 'Chaqueta de cuero sintético para otoño', 85.00, 50, 18, 16, 18),
('Blusa de Encaje', 'Blusa con detalles de encaje', 65.00, 75, 19, 17, 19),
('Pantalón Corto de Playa', 'Pantalón corto para playa y piscina', 30.00, 150, 20, 18, 20),
('Suéter de Punto', 'Suéter de punto para climas fríos', 75.00, 90, 1, 19, 1),
('T-shirt Básica', 'T-shirt básica de algodón', 18.00, 200, 2, 20, 2);

INSERT INTO Cliente (nombre, direccion, telefono, email, fecha_registro) VALUES
('Ana de la Cruz', 'Av. Reforma 1450, CDMX', '+525512345678', 'anacruz@luxury.com', '2020-03-15'),
('Carlos Vargas', 'Calle Serrano 89, Madrid', '+34911765432', 'cvargas@vipmail.es', '2021-07-22'),
('Sophie Dubois', 'Rue du Faubourg 78, París', '+33142659874', 'sdubois@paris.fr', '2019-11-05'),
('Luca Rossi', 'Via Montenapoleone 5, Milán', '+390277889900', 'l.rossi@fashion.it', '2022-01-10'),
('Emma Watson', 'Kensington Park 12, Londres', '+442071234567', 'ewatson@private.uk', '2023-02-18'),
('Alejandro González', 'Carrera 7 # 125-30, Bogotá', '+5716001234', 'agonzalez@empresa.com.co', '2022-09-01'),
('Mika Tanaka', 'Roppongi Hills 6-10-1, Tokio', '+81337981234', 'mika.t@japan.jp', '2021-05-30'),
('Olivia Chen', 'Champs-Élysées 102, París', '+33145563214', 'olivia.chen@asia.fr', '2023-04-12'),
('Diego Maradona Jr.', 'Puerto Madero 1450, Buenos Aires', '+541112345678', 'diegojr@legacy.ar', '2020-12-25'),
('Sheik Al-Fayed', 'Palm Jumeirah Villa 5, Dubai', '+97143012345', 'sheik@dubai.ae', '2023-06-15');

INSERT INTO Vendedor (nombre, telefono, email) VALUES
('María Fernández', '+525556789012', 'mfernandez@tiendalux.com'),
('Giovanni Lombardi', '+390277654321', 'glombardi@tiendalux.it'),
('Élodie Rousseau', '+331498563214', 'erousseau@tiendalux.fr'),
('James Carter', '+442076543219', 'jcarter@tiendalux.uk'),
('Fatima Al-Maktoum', '+971430987654', 'falmaktoum@tiendalux.ae'),
('Sakura Yamamoto', '+81337219876', 'syamamoto@tiendalux.jp'),
('Luis Martínez', '+571321654987', 'lmartinez@tiendalux.co'),
('Klaus Schmidt', '+4930123456789', 'kschmidt@tiendalux.de'),
('Valentina Rossi', '+390276543210', 'vrossi@tiendalux.it'),
('Amélie Dupont', '+33142336789', 'adupont@tiendalux.fr'),
INSERT INTO Cliente (nombre, apellido, direccion, telefono, email, fecha_registro) VALUES
('Sofia', 'Vergara', 'Avenida Pino Suárez 450, Zona 13', '5010-1300', 'sofia.vergara@cliente.com', '2021-02-15'),
('Rihanna', 'Fenty', 'Calle La Paz 123, Zona 10', '5010-1301', 'rihanna.fenty@cliente.com', '2022-05-20'),
('Shakira', 'Mebarak', 'Calle 7 #101, Zona 3', '5010-1302', 'shakira.mebarak@cliente.com', '2022-11-02'),
('Will', 'Smith', 'Avenida Los Robles 15, Zona 5', '5010-1303', 'will.smith@cliente.com', '2023-01-10'),
('Brad', 'Pitt', 'Callejón Del Sol 28, Zona 14', '5010-1304', 'brad.pitt@cliente.com', '2022-12-13'),
('Angelina', 'Jolie', 'Calle Belice 122, Zona 16', '5010-1305', 'angelina.jolie@cliente.com', '2023-03-20'),
('Cristiano', 'Ronaldo', 'Avenida Olivos 78, Zona 9', '5010-1306', 'cristiano.ronaldo@cliente.com', '2021-10-25'),
('Leo', 'Messi', 'Calle Roma 15, Zona 2', '5010-1307', 'leo.messi@cliente.com', '2022-06-18'),
('Kim', 'Kardashian', 'Calle Américas 200, Zona 12', '5010-1308', 'kim.kardashian@cliente.com', '2023-04-05'),
('David', 'Beckham', 'Avenida Londres 34, Zona 8', '5010-1309', 'david.beckham@cliente.com', '2022-08-14'),
('Gisele', 'Bündchen', 'Calle Mirador 75, Zona 6', '5010-1310', 'gisele.bundchen@cliente.com', '2022-09-05'),
('Taylor', 'Swift', 'Calle Los Pinos 120, Zona 15', '5010-1311', 'taylor.swift@cliente.com', '2023-05-22'),
('Kendall', 'Jenner', 'Calle Primavera 102, Zona 7', '5010-1312', 'kendall.jenner@cliente.com', '2022-02-18'),
('John', 'Cena', 'Calle Los Álamos 56, Zona 4', '5010-1313', 'john.cena@cliente.com', '2023-01-05'),
('Vin', 'Diesel', 'Calle La Selva 30, Zona 1', '5010-1314', 'vin.diesel@cliente.com', '2023-06-11'),
('Selena', 'Gomez', 'Avenida 30 de Junio 60, Zona 10', '5010-1315', 'selena.gomez@cliente.com', '2022-08-25'),
('Kanye', 'West', 'Avenida Liberación 450, Zona 9', '5010-1316', 'kanye.west@cliente.com', '2021-11-17'),
('Emma', 'Watson', 'Calle Sol 89, Zona 13', '5010-1317', 'emma.watson@cliente.com', '2022-03-22'),
('Madonna', 'Ciccone', 'Calle General 78, Zona 5', '5010-1318', 'madonna.ciccone@cliente.com', '2023-02-28'),
('Tom', 'Hanks', 'Calle La Noche 34, Zona 11', '5010-1319', 'tom.hanks@cliente.com', '2021-10-02'),
('George', 'Clooney', 'Avenida El Prado 22, Zona 12', '5010-1320', 'george.clooney@cliente.com', '2023-04-16'),
('Carlos', 'Rodríguez', 'Avenida Reforma 123, Zona 10', '5010-1101', 'carlos.rodriguez@cliente.com', '2022-01-12'),
('José', 'Hernández', 'Avenida Las Américas, Zona 15', '5010-1102', 'jose.hernandez@cliente.com', '2022-02-14'),
('Patricia', 'García', 'Calle Los Pinos, Zona 5', '5010-1103', 'patricia.garcia@cliente.com', '2021-07-20'),
('María', 'Méndez', 'Calle 3 #45, Zona 12', '5010-1104', 'maria.mendez@cliente.com', '2021-11-30'),
('Juan', 'Castañeda', 'Avenida La Paz 678, Zona 6', '5010-1105', 'juan.castaneda@cliente.com', '2022-03-01'),
('Sofia', 'Alvarado', 'Calle 15 #22, Zona 9', '5010-1106', 'sofia.alvarado@cliente.com', '2022-07-10'),
('David', 'López', 'Calle Real 45, Zona 2', '5010-1107', 'david.lopez@cliente.com', '2021-08-25'),
('Ana', 'Gutiérrez', 'Avenida El Sol, Zona 13', '5010-1108', 'ana.gutierrez@cliente.com', '2022-06-05'),
('Luis', 'Reyes', 'Calle de los Árboles, Zona 4', '5010-1109', 'luis.reyes@cliente.com', '2022-09-15'),
('Diego', 'Martínez', 'Callejón De La Luna, Zona 3', '5010-1110', 'diego.martinez@cliente.com', '2021-11-25'),
('Valentina', 'Ríos', 'Avenida Libertad 120, Zona 11', '5010-1111', 'valentina.rios@cliente.com', '2022-03-30'),
('Marcos', 'Vargas', 'Calle Los Olivos 50, Zona 5', '5010-1112', 'marcos.vargas@cliente.com', '2022-08-12'),
('Lucía', 'Hernández', 'Avenida 18, Zona 16', '5010-1113', 'lucia.hernandez@cliente.com', '2021-10-10'),
('Eduardo', 'Mora', 'Calle del Sol 150, Zona 6', '5010-1114', 'eduardo.mora@cliente.com', '2022-07-21'),
('Natalia', 'Sánchez', 'Calle Santa Cruz 85, Zona 9', '5010-1115', 'natalia.sanchez@cliente.com', '2022-09-18'),
('Andrés', 'Cordero', 'Avenida Las Margaritas 45, Zona 4', '5010-1116', 'andres.cordero@cliente.com', '2021-06-25'),
('María', 'Ramos', 'Avenida Mariscal 45, Zona 15', '5010-1122', 'maria.ramos@cliente.com', '2022-08-14'),
('José', 'López', 'Calle Los Olivos 30, Zona 6', '5010-1123', 'jose.lopez@cliente.com', '2021-05-15'),
('Ricardo', 'Jiménez', 'Calle Colón 200, Zona 8', '5010-1124', 'ricardo.jimenez@cliente.com', '2022-10-11'),
('Laura', 'Pérez', 'Calle Reforma 320, Zona 12', '5010-1125', 'laura.perez@cliente.com', '2023-01-19'),
('Esteban', 'Vega', 'Avenida Zapote 45, Zona 7', '5010-1126', 'esteban.vega@cliente.com', '2022-04-30'),
('Paola', 'Sánchez', 'Calle 10 #75, Zona 4', '5010-1127', 'paola.sanchez@cliente.com', '2022-08-05'),
('Ángel', 'Martínez', 'Calle 15 de Septiembre 90, Zona 3', '5010-1128', 'angel.martinez@cliente.com', '2022-07-18'),
('Victoria', 'Rodríguez', 'Avenida Las Palmas 75, Zona 5', '5010-1129', 'victoria.rodriguez@cliente.com', '2023-01-23'),
('Diego', 'Muñoz', 'Calle de las Flores 101, Zona 10', '5010-1130', 'diego.munoz@cliente.com', '2023-02-12'),
('Ana', 'de la Cruz', 'Av. Reforma 1450, CDMX', '+525512345678', 'anacruz@luxury.com', '2020-03-15'),
('Carlos', 'Vargas', 'Calle Serrano 89, Madrid', '+34911765432', 'cvargas@vipmail.es', '2021-07-22'),
('Sophie', 'Dubois', 'Rue du Faubourg 78, París', '+33142659874', 'sdubois@paris.fr', '2019-11-05'),
('Luca', 'Rossi', 'Via Montenapoleone 5, Milán', '+390277889900', 'l.rossi@fashion.it', '2022-01-10'),
('Emma', 'Watson', 'Kensington Park 12, Londres', '+442071234567', 'ewatson@private.uk', '2023-02-18'),
('Alejandro', 'González', 'Carrera 7 # 125-30, Bogotá', '+5716001234', 'agonzalez@empresa.com.co', '2022-09-01'),
('Mika', 'Tanaka', 'Roppongi Hills 6-10-1, Tokio', '+81337981234', 'mika.t@japan.jp', '2021-05-30'),
('Olivia', 'Chen', 'Champs-Élysées 102, París', '+33145563214', 'olivia.chen@asia.fr', '2023-04-12'),
('Diego', 'Maradona Jr.', 'Puerto Madero 1450, Buenos Aires', '+541112345678', 'diegojr@legacy.ar', '2020-12-25'),
('Sheik', 'Al-Fayed', 'Palm Jumeirah Villa 5, Dubai', '+97143012345', 'sheik@dubai.ae', '2023-06-15'),
('Camila', 'Morales', 'Calle 8 #12-34, Zona 11', '5010-1201', 'camila.morales@cliente.com', '2022-01-17'),
('Mateo', 'Guzmán', 'Avenida Reforma 400, Zona 10', '5010-1202', 'mateo.guzman@cliente.com', '2022-02-23'),
('Valeria', 'Pérez', 'Calle 2 #45, Zona 7', '5010-1203', 'valeria.perez@cliente.com', '2021-07-09'),
('Santiago', 'Jiménez', 'Avenida Las Flores 200, Zona 6', '5010-1204', 'santiago.jimenez@cliente.com', '2021-11-02'),
('Isabella', 'Ruiz', 'Callejón Del Bosque 18, Zona 14', '5010-1205', 'isabella.ruiz@cliente.com', '2022-03-15'),
('Emilia', 'Castillo', 'Calle 9 #33, Zona 9', '5010-1206', 'emilia.castillo@cliente.com', '2022-07-21'),
('Martín', 'Paredes', 'Avenida El Prado 111, Zona 12', '5010-1207', 'martin.paredes@cliente.com', '2021-08-17'),
('Renata', 'Peña', 'Calle Real 77, Zona 5', '5010-1208', 'renata.pena@cliente.com', '2022-06-29'),
('Gabriel', 'Navarro', 'Avenida Los Pinos 59, Zona 15', '5010-1209', 'gabriel.navarro@cliente.com', '2022-09-25'),
('Andrea', 'Salazar', 'Calle 13 de Marzo 60, Zona 8', '5010-1210', 'andrea.salazar@cliente.com', '2021-11-19'),
('Pedro', 'Santos', 'Avenida Primavera 33, Zona 13', '5010-1211', 'pedro.santos@cliente.com', '2022-03-25'),
('Daniela', 'Delgado', 'Calle 21 #90, Zona 16', '5010-1212', 'daniela.delgado@cliente.com', '2022-08-30'),
('Javier', 'Cruz', 'Avenida Libertad 300, Zona 4', '5010-1213', 'javier.cruz@cliente.com', '2021-05-20'),
('Mariana', 'Silva', 'Callejón Del Río 10, Zona 2', '5010-1214', 'mariana.silva@cliente.com', '2022-07-12'),
('Tomás', 'Ortega', 'Avenida Los Álamos 70, Zona 7', '5010-1215', 'tomas.ortega@cliente.com', '2021-09-15'),
('Fernanda', 'Ramos', 'Calle 17 #88, Zona 5', '5010-1216', 'fernanda.ramos@cliente.com', '2022-10-14'),
('Samuel', 'Molina', 'Avenida El Sol 33, Zona 11', '5010-1217', 'samuel.molina@cliente.com', '2022-02-28'),
('Paula', 'Cabrera', 'Calle Las Rosas 45, Zona 3', '5010-1218', 'paula.cabrera@cliente.com', '2021-12-10'),
('Alejandro', 'Rivas', 'Avenida San Juan 12, Zona 6', '5010-1219', 'alejandro.rivas@cliente.com', '2022-01-30'),
('Julieta', 'Acosta', 'Callejón Del Lago 21, Zona 8', '5010-1220', 'julieta.acosta@cliente.com', '2022-05-11'),
('Lucas', 'Vega', 'Avenida Oriente 40, Zona 10', '5010-1221', 'lucas.vega@cliente.com', '2021-07-23'),
('Sara', 'Luna', 'Calle 6 #15, Zona 13', '5010-1222', 'sara.luna@cliente.com', '2022-09-27'),
('Adrián', 'Aguilar', 'Avenida Reforma 120, Zona 9', '5010-1223', 'adrian.aguilar@cliente.com', '2022-03-03'),
('Jimena', 'Mejía', 'Calle Las Gardenias 88, Zona 12', '5010-1224', 'jimena.mejia@cliente.com', '2022-06-16'),
('Sebastián', 'Paz', 'Avenida Central 45, Zona 2', '5010-1225', 'sebastian.paz@cliente.com', '2021-08-19'),
('Luciana', 'Campos', 'Callejón Del Sol 11, Zona 5', '5010-1226', 'luciana.campos@cliente.com', '2022-11-09'),
('Matías', 'Rosales', 'Avenida Los Cedros 67, Zona 7', '5010-1227', 'matias.rosales@cliente.com', '2022-02-21'),
('Regina', 'Herrera', 'Calle 14 #55, Zona 14', '5010-1228', 'regina.herrera@cliente.com', '2022-08-02'),
('Emiliano', 'Vargas', 'Avenida Las Palmas 33, Zona 16', '5010-1229', 'emiliano.vargas@cliente.com', '2021-10-05'),
('Victoria', 'Mendoza', 'Calle Real 90, Zona 3', '5010-1230', 'victoria.mendoza@cliente.com', '2022-06-18'),
('Juan', 'Moreno', 'Avenida Reforma 22, Zona 1', '5010-1231', 'juan.moreno@cliente.com', '2022-09-10'),
('Daniel', 'Ramírez', 'Callejón Del Bosque 40, Zona 13', '5010-1232', 'daniel.ramirez@cliente.com', '2021-11-28'),
('Ariana', 'Cordero', 'Calle 12 #37, Zona 15', '5010-1233', 'ariana.cordero@cliente.com', '2022-04-14'),
('Felipe', 'Soto', 'Avenida El Prado 60, Zona 8', '5010-1234', 'felipe.soto@cliente.com', '2022-07-07'),
('Natalia', 'Núñez', 'Callejón Del Río 13, Zona 10', '5010-1235', 'natalia.nunez@cliente.com', '2022-10-28'),
('Rodrigo', 'Cruz', 'Avenida Las Américas 110, Zona 12', '5010-1236', 'rodrigo.cruz@cliente.com', '2021-06-29'),
('María', 'Guerrero', 'Calle 17 #100, Zona 6', '5010-1237', 'maria.guerrero@cliente.com', '2022-08-16'),
('Pablo', 'Castro', 'Avenida Libertad 200, Zona 4', '5010-1238', 'pablo.castro@cliente.com', '2022-12-02'),
('Elena', 'Serrano', 'Callejón Del Lago 19, Zona 2', '5010-1239', 'elena.serrano@cliente.com', '2022-01-22'),
('Santiago', 'Flores', 'Avenida Oriente 70, Zona 11', '5010-1240', 'santiago.flores@cliente.com', '2021-09-25');

INSERT INTO Factura_Maestro (numero_factura, cliente_id, fecha_factura, nit_cliente, total, estado_factura, metodo_pago) VALUES
('FAC-001-2023', 1, '2023-01-15', 'CF-123456789', 2650.00, 'pagada', 'tarjeta'),
('FAC-002-2023', 3, '2023-02-20', 'RF-987654321', 18500.00, 'pendiente', 'transferencia'),
('FAC-003-2023', 5, '2023-03-10', 'GB-112233445', 4200.00, 'pagada', 'efectivo'),
('FAC-004-2023', 2, '2023-04-05', 'ES-556677889', 8500.00, 'anulada', NULL),
('FAC-005-2023', 10, '2023-05-18', 'AE-998877665', 25320.00, 'pagada', 'tarjeta'),
('FAC-006-2023', 7, '2023-06-22', 'JP-443322110', 1560.00, 'pendiente', 'tarjeta'),
('FAC-007-2023', 4, '2023-07-30', 'IT-776655443', 3600.00, 'pagada', 'transferencia'),
('FAC-008-2023', 6, '2023-08-12', 'CO-334455667', 450.00, 'pagada', 'efectivo'),
('FAC-009-2023', 8, '2023-09-01', 'FR-223344556', 2200.00, 'pendiente', 'tarjeta'),
('FAC-010-2023', 9, '2023-10-15', 'AR-123123123', 780.00, 'pagada', 'efectivo'),
('FAC-011-2023', 11, '2023-11-25', 'VS-456789012', 5200.00, 'pendiente', 'tarjeta'),
('FAC-012-2023', 12, '2023-12-20', 'LD-678901234', 3200.00, 'pagada', 'transferencia'),
('FAC-013-2023', 13, '2023-01-30', 'NT-789012345', 1150.00, 'anulada', NULL),
('FAC-014-2023', 14, '2023-02-10', 'GT-890123456', 5500.00, 'pagada', 'efectivo'),
('FAC-015-2023', 15, '2023-03-05', 'JM-901234567', 1450.00, 'pendiente', 'tarjeta'),
('FAC-016-2023', 16, '2023-04-12', 'AH-234567890', 2650.00, 'pagada', 'efectivo'),
('FAC-017-2023', 17, '2023-05-25', 'HG-345678901', 7250.00, 'pagada', 'tarjeta'),
('FAC-018-2023', 18, '2023-06-01', 'RB-456789012', 1990.00, 'pendiente', 'transferencia'),
('FAC-019-2023', 19, '2023-07-15', 'MR-567890123', 3200.00, 'pagada', 'efectivo'),
('FAC-020-2023', 20, '2023-08-20', 'BB-678901234', 950.00, 'pendiente', 'tarjeta'),
('FAC-021-2023', 21, '2023-09-25', 'SS-789012345', 5000.00, 'pagada', 'tarjeta'),
('FAC-022-2023', 22, '2023-10-10', 'AR-890123456', 2150.00, 'pagada', 'efectivo'),
('FAC-023-2023', 23, '2023-11-12', 'JC-901234567', 1900.00, 'pendiente', 'tarjeta'),
('FAC-024-2023', 24, '2023-12-18', 'DA-012345678', 2800.00, 'pagada', 'transferencia'),
('FAC-025-2023', 25, '2023-01-02', 'VP-123456789', 1100.00, 'pendiente', 'efectivo'),
('FAC-026-2023', 26, '2023-02-18', 'KL-234567890', 3500.00, 'pagada', 'tarjeta'),
('FAC-027-2023', 27, '2023-03-21', 'JD-345678901', 4100.00, 'pendiente', 'efectivo'),
('FAC-028-2023', 28, '2023-04-28', 'PC-456789012', 1250.00, 'pagada', 'tarjeta'),
('FAC-029-2023', 29, '2023-05-09', 'LB-567890123', 2200.00, 'pagada', 'efectivo'),
('FAC-030-2023', 30, '2023-06-17', 'HL-678901234', 3200.00, 'pendiente', 'tarjeta'),
('FAC-031-2023', 31, '2023-07-23', 'DC-789012345', 5200.00, 'pagada', 'transferencia'),
('FAC-032-2023', 32, '2023-08-14', 'TB-890123456', 4300.00, 'pendiente', 'tarjeta'),
('FAC-033-2023', 33, '2023-09-11', 'ER-901234567', 2650.00, 'pagada', 'efectivo'),
('FAC-034-2023', 34, '2023-10-04', 'PC-123456789', 5200.00, 'pagada', 'transferencia'),
('FAC-035-2023', 35, '2023-11-20', 'WS-234567890', 6250.00, 'pendiente', 'tarjeta'),
('FAC-036-2023', 36, '2023-12-09', 'JH-345678901', 1250.00, 'pagada', 'efectivo'),
('FAC-037-2023', 37, '2023-01-26', 'TA-456789012', 4700.00, 'pendiente', 'tarjeta'),
('FAC-038-2023', 38, '2023-02-14', 'LM-567890123', 1550.00, 'pagada', 'efectivo'),
('FAC-039-2023', 39, '2023-03-17', 'GS-678901234', 2300.00, 'pagada', 'tarjeta'),
('FAC-040-2023', 40, '2023-04-23', 'CR-789012345', 2650.00, 'pendiente', 'transferencia'),
('FAC-041-2023', 41, '2023-05-06', 'SB-890123456', 2300.00, 'pagada', 'tarjeta'),
('FAC-042-2023', 42, '2023-06-11', 'MP-901234567', 2150.00, 'pendiente', 'efectivo'),
('FAC-043-2023', 43, '2023-07-18', 'NK-123456789', 3050.00, 'pagada', 'transferencia'),
('FAC-044-2023', 44, '2023-08-13', 'RT-234567890', 4000.00, 'pagada', 'efectivo'),
('FAC-045-2023', 45, '2023-09-30', 'FG-345678901', 1800.00, 'pendiente', 'tarjeta'),
('FAC-046-2023', 46, '2023-10-12', 'WB-456789012', 2200.00, 'pagada', 'transferencia'),
('FAC-047-2023', 47, '2023-11-14', 'RC-567890123', 4100.00, 'pendiente', 'tarjeta'),
('FAC-048-2023', 48, '2023-12-20', 'MP-678901234', 2900.00, 'pagada', 'efectivo'),
('FAC-049-2023', 49, '2023-01-07', 'KC-789012345', 2100.00, 'pendiente', 'transferencia'),
('FAC-050-2023', 50, '2023-02-02', 'AA-890123456', 3300.00, 'pagada', 'tarjeta'),
('FAC-051-2023', 51, '2023-01-25', 'RT-789012345', 1950.00, 'pendiente', 'tarjeta'),
('FAC-052-2023', 52, '2023-02-14', 'LP-890123456', 2100.00, 'pagada', 'efectivo'),
('FAC-053-2023', 53, '2023-03-25', 'DM-901234567', 5600.00, 'pendiente', 'transferencia'),
('FAC-054-2023', 54, '2023-04-10', 'JS-123456789', 1200.00, 'pagada', 'tarjeta'),
('FAC-055-2023', 55, '2023-05-22', 'RC-234567890', 4200.00, 'pendiente', 'efectivo'),
('FAC-056-2023', 56, '2023-06-07', 'CL-345678901', 2950.00, 'pagada', 'transferencia'),
('FAC-057-2023', 57, '2023-07-13', 'TR-456789012', 1550.00, 'pagada', 'efectivo'),
('FAC-058-2023', 58, '2023-08-23', 'CP-567890123', 2900.00, 'pendiente', 'tarjeta'),
('FAC-059-2023', 59, '2023-09-04', 'AD-678901234', 3800.00, 'pagada', 'transferencia'),
('FAC-060-2023', 60, '2023-10-11', 'GR-789012345', 2750.00, 'pendiente', 'tarjeta'),
('FAC-061-2023', 61, '2023-11-19', 'SH-890123456', 2200.00, 'pagada', 'efectivo'),
('FAC-062-2023', 62, '2023-12-08', 'JG-901234567', 1900.00, 'pendiente', 'transferencia'),
('FAC-063-2023', 63, '2023-01-09', 'FS-123456789', 1850.00, 'pagada', 'tarjeta'),
('FAC-064-2023', 64, '2023-02-19', 'LF-234567890', 4200.00, 'pendiente', 'efectivo'),
('FAC-065-2023', 65, '2023-03-12', 'MG-345678901', 2400.00, 'pagada', 'transferencia'),
('FAC-066-2023', 66, '2023-04-17', 'KC-456789012', 3600.00, 'pendiente', 'tarjeta'),
('FAC-067-2023', 67, '2023-05-05', 'VE-567890123', 3100.00, 'pagada', 'efectivo'),
('FAC-068-2023', 68, '2023-06-18', 'AM-678901234', 2200.00, 'pendiente', 'transferencia'),
('FAC-069-2023', 69, '2023-07-02', 'BS-789012345', 3750.00, 'pagada', 'tarjeta'),
('FAC-070-2023', 70, '2023-08-15', 'CA-890123456', 2550.00, 'pendiente', 'efectivo'),
('FAC-071-2023', 71, '2023-09-07', 'GS-901234567', 4800.00, 'pagada', 'transferencia'),
('FAC-072-2023', 72, '2023-10-18', 'FB-123456789', 1950.00, 'pendiente', 'tarjeta'),
('FAC-073-2023', 73, '2023-11-22', 'LO-234567890', 3200.00, 'pagada', 'efectivo'),
('FAC-074-2023', 74, '2023-12-17', 'JS-345678901', 4000.00, 'pendiente', 'transferencia'),
('FAC-075-2023', 75, '2023-01-03', 'AB-456789012', 2650.00, 'pagada', 'tarjeta'),
('FAC-076-2023', 76, '2023-02-01', 'AN-567890123', 3300.00, 'pendiente', 'efectivo'),
('FAC-077-2023', 77, '2023-03-04', 'CT-678901234', 2450.00, 'pagada', 'transferencia'),
('FAC-078-2023', 78, '2023-04-13', 'PA-789012345', 5300.00, 'pendiente', 'tarjeta'),
('FAC-079-2023', 79, '2023-05-28', 'DF-890123456', 3100.00, 'pagada', 'efectivo'),
('FAC-080-2023', 80, '2023-06-10', 'JH-901234567', 4100.00, 'pendiente', 'transferencia'),
('FAC-081-2023', 81, '2023-07-25', 'MC-123456789', 5200.00, 'pagada', 'tarjeta'),
('FAC-082-2023', 82, '2023-08-04', 'BT-234567890', 6000.00, 'pendiente', 'efectivo'),
('FAC-083-2023', 83, '2023-09-20', 'RA-345678901', 5500.00, 'pagada', 'transferencia'),
('FAC-084-2023', 84, '2023-10-28', 'HD-456789012', 3750.00, 'pendiente', 'tarjeta'),
('FAC-085-2023', 85, '2023-11-03', 'DC-567890123', 4900.00, 'pagada', 'efectivo'),
('FAC-086-2023', 86, '2023-12-06', 'JE-678901234', 2800.00, 'pendiente', 'transferencia'),
('FAC-087-2023', 87, '2023-01-19', 'TL-789012345', 3300.00, 'pagada', 'tarjeta'),
('FAC-088-2023', 88, '2023-02-05', 'GP-890123456', 4800.00, 'pendiente', 'efectivo'),
('FAC-089-2023', 89, '2023-03-24', 'VS-901234567', 6000.00, 'pagada', 'transferencia'),
('FAC-090-2023', 90, '2023-04-14', 'RL-123456789', 3700.00, 'pendiente', 'tarjeta'),
('FAC-091-2023', 91, '2023-05-11', 'LP-234567890', 4500.00, 'pagada', 'efectivo'),
('FAC-092-2023', 92, '2023-06-05', 'OS-345678901', 5400.00, 'pendiente', 'transferencia'),
('FAC-093-2023', 93, '2023-07-16', 'DP-456789012', 3950.00, 'pagada', 'tarjeta'),
('FAC-094-2023', 94, '2023-08-02', 'AS-567890123', 4700.00, 'pendiente', 'efectivo'),
('FAC-095-2023', 95, '2023-09-03', 'MJ-678901234', 5200.00, 'pagada', 'transferencia'),
('FAC-096-2023', 96, '2023-10-22', 'CC-789012345', 3700.00, 'pendiente', 'tarjeta'),
('FAC-097-2023', 97, '2023-11-09', 'HB-890123456', 5400.00, 'pagada', 'efectivo'),
('FAC-098-2023', 98, '2023-12-13', 'FA-901234567', 3100.00, 'pendiente', 'transferencia'),
('FAC-099-2023', 99, '2023-01-30', 'BC-123456789', 4850.00, 'pagada', 'tarjeta'),
('FAC-100-2023', 100, '2023-02-18', 'KM-234567890', 3600.00, 'pendiente', 'efectivo');

INSERT INTO Factura_Detalle (factura_maestro_id, producto_id, cantidad, precio_unitario, total_producto) VALUES
(1, 3, 2, 850.00, 1700.00),
(1, 7, 1, 210.00, 210.00),
(1, 10, 2, 320.00, 640.00),
(2, 4, 1, 25000.00, 25000.00),
(3, 9, 1, 4200.00, 4200.00),
(5, 2, 1, 2200.00, 2200.00),
(5, 4, 1, 25000.00, 25000.00),
(6, 1, 3, 450.00, 1350.00),
(7, 8, 1, 3600.00, 3600.00),
(10, 5, 1, 780.00, 780.00),
(11, 3, 2, 850.00, 1700.00),
(12, 7, 1, 210.00, 210.00),
(13, 10, 2, 320.00, 640.00),
(14, 4, 1, 25000.00, 25000.00),
(15, 9, 1, 4200.00, 4200.00),
(16, 2, 1, 2200.00, 2200.00),
(17, 4, 1, 25000.00, 25000.00),
(18, 1, 3, 450.00, 1350.00),
(19, 8, 1, 3600.00, 3600.00),
(20, 5, 1, 780.00, 780.00),
(21, 3, 2, 850.00, 1700.00),
(22, 7, 1, 210.00, 210.00),
(23, 10, 2, 320.00, 640.00),
(24, 4, 1, 25000.00, 25000.00),
(25, 9, 1, 4200.00, 4200.00),
(26, 2, 1, 2200.00, 2200.00),
(27, 4, 1, 25000.00, 25000.00),
(28, 1, 3, 450.00, 1350.00),
(29, 8, 1, 3600.00, 3600.00),
(30, 5, 1, 780.00, 780.00),
(31, 3, 2, 850.00, 1700.00),
(32, 7, 1, 210.00, 210.00),
(33, 10, 2, 320.00, 640.00),
(34, 4, 1, 25000.00, 25000.00),
(35, 9, 1, 4200.00, 4200.00),
(36, 2, 1, 2200.00, 2200.00),
(37, 4, 1, 25000.00, 25000.00),
(38, 1, 3, 450.00, 1350.00),
(39, 8, 1, 3600.00, 3600.00),
(40, 5, 1, 780.00, 780.00),
(41, 3, 2, 850.00, 1700.00),
(42, 7, 1, 210.00, 210.00),
(43, 10, 2, 320.00, 640.00),
(44, 4, 1, 25000.00, 25000.00),
(45, 9, 1, 4200.00, 4200.00),
(46, 2, 1, 2200.00, 2200.00),
(47, 4, 1, 25000.00, 25000.00),
(48, 1, 3, 450.00, 1350.00),
(49, 8, 1, 3600.00, 3600.00),
(50, 5, 1, 780.00, 780.00),
(51, 3, 2, 850.00, 1700.00),
(52, 7, 1, 210.00, 210.00),
(53, 10, 2, 320.00, 640.00),
(54, 4, 1, 25000.00, 25000.00),
(55, 9, 1, 4200.00, 4200.00),
(56, 2, 1, 2200.00, 2200.00),
(57, 4, 1, 25000.00, 25000.00),
(58, 1, 3, 450.00, 1350.00),
(59, 8, 1, 3600.00, 3600.00),
(60, 5, 1, 780.00, 780.00),
(61, 3, 2, 850.00, 1700.00),
(62, 7, 1, 210.00, 210.00),
(63, 10, 2, 320.00, 640.00),
(64, 4, 1, 25000.00, 25000.00),
(65, 9, 1, 4200.00, 4200.00),
(66, 2, 1, 2200.00, 2200.00),
(67, 4, 1, 25000.00, 25000.00),
(68, 1, 3, 450.00, 1350.00),
(69, 8, 1, 3600.00, 3600.00),
(70, 5, 1, 780.00, 780.00),
(71, 3, 2, 850.00, 1700.00),
(72, 7, 1, 210.00, 210.00),
(73, 10, 2, 320.00, 640.00),
(74, 4, 1, 25000.00, 25000.00),
(75, 9, 1, 4200.00, 4200.00),
(76, 2, 1, 2200.00, 2200.00),
(77, 4, 1, 25000.00, 25000.00),
(78, 1, 3, 450.00, 1350.00),
(79, 8, 1, 3600.00, 3600.00),
(80, 5, 1, 780.00, 780.00),
(81, 3, 2, 850.00, 1700.00),
(82, 7, 1, 210.00, 210.00),
(83, 10, 2, 320.00, 640.00),
(84, 4, 1, 25000.00, 25000.00),
(85, 9, 1, 4200.00, 4200.00),
(86, 2, 1, 2200.00, 2200.00),
(87, 4, 1, 25000.00, 25000.00),
(88, 1, 3, 450.00, 1350.00),
(89, 8, 1, 3600.00, 3600.00),
(90, 5, 1, 780.00, 780.00),
(91, 3, 2, 850.00, 1700.00),
(92, 7, 1, 210.00, 210.00),
(93, 10, 2, 320.00, 640.00),
(94, 4, 1, 25000.00, 25000.00),
(95, 9, 1, 4200.00, 4200.00),
(96, 2, 1, 2200.00, 2200.00),
(97, 4, 1, 25000.00, 25000.00),
(98, 1, 3, 450.00, 1350.00),
(99, 8, 1, 3600.00, 3600.00),
(100, 5, 1, 780.00, 780.00);

INSERT INTO Sucursal (nombre_sucursal, direccion, telefono) VALUES
('Boutique Centro Histórico', 'Plaza Mayor 5, Madrid', '+34912345678'),
('Flagship París', 'Avenue Montaigne 51, París', '+33147236598'),
('Luxury Dubai Mall', 'Financial Center Rd, Dubai', '+97144321234'),
('Milán Fashion District', 'Via della Spiga 23, Milán', '+39027894561'),
('Tokyo Ginza Store', 'Chuo-ku 5-4-1, Tokio', '+81335671234'),
('NY Fifth Avenue', '5th Ave 767, Nueva York', '+12126549876'),
('Londres Mayfair', 'Bond Street 28, Londres', '+44207321456'),
('México Polanco', 'Av. Masaryk 456, CDMX', '+525555551212'),
('Shanghái Pudong', 'Century Avenue 8, Shanghái', '+862158963214'),
('Sydney CBD', 'George Street 189, Sídney', '+61292345678');

INSERT INTO Inventario (producto_id, cantidad, fecha_movimiento, tipo_movimiento, sucursal_id) VALUES
(1, 50, '2023-01-05', 'entrada', 1),
(2, 15, '2023-01-05', 'entrada', 2),
(3, 30, '2023-01-10', 'entrada', 3),
(4, 5, '2023-02-01', 'entrada', 1),
(5, 25, '2023-02-15', 'entrada', 2),
(1, -5, '2023-03-20', 'salida', 1),
(2, -3, '2023-04-02', 'salida', 2),
(6, 10, '2023-05-10', 'entrada', 3),
(7, 50, '2023-06-01', 'entrada', 1),
(8, 8, '2023-07-15', 'entrada', 2),
INSERT INTO Inventario (producto_id, cantidad, fecha_movimiento, tipo_movimiento, sucursal_id) VALUES
(1, 40, '2024-01-10', 'entrada', 3),
(2, 30, '2024-01-15', 'entrada', 1),
(3, 20, '2024-02-05', 'entrada', 2),
(4, 10, '2024-02-15', 'salida', 3),
(5, 50, '2024-03-01', 'entrada', 1),
(6, 25, '2024-03-05', 'salida', 2),
(7, 15, '2024-04-10', 'entrada', 3),
(8, 35, '2024-04-15', 'entrada', 1),
(9, 18, '2024-05-01', 'salida', 2),
(10, 20, '2024-05-05', 'entrada', 3),
(1, -7, '2024-06-10', 'salida', 1),
(2, 25, '2024-06-20', 'entrada', 2),
(3, 12, '2024-07-01', 'salida', 3),
(4, 30, '2024-07-10', 'entrada', 1),
(5, -15, '2024-07-15', 'salida', 2),
(6, 50, '2024-08-01', 'entrada', 3),
(7, 10, '2024-08-10', 'entrada', 1),
(8, -8, '2024-09-01', 'salida', 2),
(9, 28, '2024-09-10', 'entrada', 3),
(10, 7, '2024-09-15', 'salida', 1),
(1, 45, '2024-10-01', 'entrada', 2),
(2, 22, '2024-10-10', 'entrada', 3),
(3, -5, '2024-10-15', 'salida', 1),
(4, 30, '2024-11-01', 'entrada', 2),
(5, 25, '2024-11-10', 'salida', 3),
(6, 13, '2024-12-01', 'entrada', 1),
(7, 8, '2024-12-05', 'entrada', 2),
(8, 32, '2024-12-10', 'salida', 3),
(9, 19, '2024-12-15', 'entrada', 1),
(10, -7, '2024-12-20', 'salida', 2),
(1, 40, '2025-01-10', 'entrada', 3),
(2, 50, '2025-01-15', 'salida', 1),
(3, 18, '2025-02-05', 'entrada', 2),
(4, 22, '2025-02-10', 'salida', 3),
(5, 15, '2025-03-01', 'entrada', 1),
(6, 30, '2025-03-05', 'salida', 2),
(7, 40, '2025-04-01', 'entrada', 3),
(8, 35, '2025-04-10', 'salida', 1),
(9, 15, '2025-05-01', 'entrada', 2),
(10, 30, '2025-05-05', 'salida', 3),
(1, 50, '2025-06-01', 'entrada', 1),
(2, 25, '2025-06-10', 'salida', 2),
(3, 15, '2025-07-01', 'entrada', 3),
(4, 30, '2025-07-05', 'salida', 1),
(5, 40, '2025-08-01', 'entrada', 2),
(6, 20, '2025-08-10', 'salida', 3),
(7, 12, '2025-09-01', 'entrada', 1),
(8, 22, '2025-09-05', 'salida', 2),
(9, 30, '2025-10-01', 'entrada', 3),
(10, 15, '2025-10-10', 'salida', 1),
(1, 20, '2025-11-01', 'entrada', 2),
(2, 15, '2025-11-05', 'salida', 3),
(3, 25, '2025-12-01', 'entrada', 1),
(4, 10, '2025-12-05', 'salida', 2),
(5, 35, '2026-01-01', 'entrada', 3),
(6, 40, '2026-01-10', 'salida', 1),
(7, 28, '2026-02-01', 'entrada', 2),
(8, 18, '2026-02-10', 'salida', 3),
(9, 50, '2026-03-01', 'entrada', 1),
(10, 15, '2026-03-05', 'salida', 2),
(1, 50, '2023-01-05', 'entrada', 1),
(2, 15, '2023-01-05', 'entrada', 2),
(3, 30, '2023-01-10', 'entrada', 3),
(4, 5, '2023-02-01', 'entrada', 1),
(5, 25, '2023-02-15', 'entrada', 2),
(1, -5, '2023-03-20', 'salida', 1),
(2, -3, '2023-04-02', 'salida', 2),
(6, 10, '2023-05-10', 'entrada', 3),
(7, 50, '2023-06-01', 'entrada', 1),
(8, 8, '2023-07-15', 'entrada', 2),
(9, 15, '2023-08-20', 'entrada', 3),
(10, 25, '2023-09-10', 'entrada', 1),
(1, -10, '2023-09-25', 'salida', 2),
(2, -5, '2023-10-05', 'salida', 3),
(3, 12, '2023-10-10', 'entrada', 1),
(4, 7, '2023-11-01', 'entrada', 2),
(5, 20, '2023-11-15', 'entrada', 3),
(6, 30, '2023-12-01', 'entrada', 1),
(7, 18, '2023-12-10', 'entrada', 2),
(8, 10, '2023-12-15', 'salida', 3),
(9, 13, '2023-12-20', 'entrada', 1),
(10, 5, '2023-12-22', 'entrada', 2);

INSERT INTO Venta (sucursal_id, total_venta, fecha_venta, numero_facturas) VALUES
(1, 2650.00, '2023-01-15', 1),
(3, 18500.00, '2023-02-20', 1),
(2, 4200.00, '2023-03-10', 1),
(5, 8500.00, '2023-04-05', 1),
(4, 25320.00, '2023-05-18', 1),
(7, 1560.00, '2023-06-22', 1),
(6, 3600.00, '2023-07-30', 1),
(8, 450.00, '2023-08-12', 1),
(9, 2200.00, '2023-09-01', 1),
(10, 780.00, '2023-10-15', 1);
(1, 2300.00, '2023-11-20', 2),
(3, 5500.00, '2023-12-01', 3),
(2, 1300.00, '2024-01-25', 4),
(4, 4200.00, '2024-02-13', 2),
(5, 3500.00, '2024-03-19', 1),
(7, 2000.00, '2024-04-30', 2),
(6, 2800.00, '2024-05-14', 1),
(8, 450.00, '2024-06-01', 1),
(9, 1900.00, '2024-07-22', 1),
(10, 2400.00, '2024-08-09', 2),
(1, 3200.00, '2024-09-04', 1),
(3, 2500.00, '2024-10-15', 1),
(2, 4100.00, '2024-11-05', 2),
(4, 3000.00, '2024-12-19', 1),
(5, 4800.00, '2025-01-10', 3),
(7, 6000.00, '2025-02-17', 2),
(6, 3500.00, '2025-03-25', 4),
(8, 2100.00, '2025-04-05', 2),
(9, 1500.00, '2025-05-15', 1),
(10, 2300.00, '2025-06-12', 1),
(1, 2200.00, '2025-07-10', 2),
(3, 5200.00, '2025-08-19', 1),
(2, 4300.00, '2025-09-18', 1),
(4, 3500.00, '2025-10-03', 2),
(5, 3800.00, '2025-11-02', 3),
(7, 4900.00, '2025-12-09', 1),
(6, 3100.00, '2026-01-15', 2),
(8, 2300.00, '2026-02-07', 1),
(9, 2100.00, '2026-03-25', 2),
(10, 4700.00, '2026-04-01', 1),
(1, 2600.00, '2026-05-10', 2),
(3, 5000.00, '2026-06-15', 3),
(2, 1900.00, '2026-07-20', 1),
(4, 3300.00, '2026-08-22', 2),
(5, 2000.00, '2026-09-04', 3),
(7, 4500.00, '2026-10-10', 1),
(6, 3700.00, '2026-11-28', 2),
(8, 2600.00, '2026-12-02', 1),
(9, 4300.00, '2027-01-13', 2),
(10, 5000.00, '2027-02-24', 1);
(1, 3500.00, '2023-03-15', 2),
(2, 4300.00, '2023-04-12', 3),
(3, 3000.00, '2023-05-19', 2),
(4, 2700.00, '2023-06-25', 1),
(5, 3900.00, '2023-07-10', 3),
(6, 4500.00, '2023-08-05', 2),
(7, 5100.00, '2023-09-18', 1),
(8, 4800.00, '2023-10-07', 3),
(9, 5400.00, '2023-11-21', 1),
(10, 3800.00, '2023-12-10', 2),
(1, 3100.00, '2024-01-17', 3),
(2, 2600.00, '2024-02-04', 1),
(3, 4000.00, '2024-03-03', 2),
(4, 2700.00, '2024-04-25', 1),
(5, 3500.00, '2024-05-18', 3),
(6, 4700.00, '2024-06-30', 1),
(7, 5200.00, '2024-07-22', 2),
(8, 4000.00, '2024-08-15', 3),
(9, 3400.00, '2024-09-05', 2),
(10, 4100.00, '2024-10-10', 1),
(1, 3800.00, '2024-11-03', 2),
(2, 2900.00, '2024-12-12', 1),
(3, 5100.00, '2025-01-24', 3),
(4, 4300.00, '2025-02-10', 2),
(5, 5400.00, '2025-03-17', 1),
(6, 5500.00, '2025-04-08', 2),
(7, 4700.00, '2025-05-14', 3),
(8, 4600.00, '2025-06-20', 1),
(9, 5200.00, '2025-07-02', 2),
(10, 5300.00, '2025-08-05', 3),
(1, 4800.00, '2025-09-17', 1),
(2, 4700.00, '2025-10-28', 2),
(3, 5000.00, '2025-11-12', 1),
(4, 5500.00, '2025-12-15', 3),
(5, 5600.00, '2026-01-10', 1),
(6, 5100.00, '2026-02-19', 2),
(7, 4800.00, '2026-03-25', 1),
(8, 4600.00, '2026-04-30', 3),
(9, 4300.00, '2026-05-10', 2),
(10, 3800.00, '2026-06-07', 1),
(1, 3900.00, '2026-07-14', 3),
(2, 4700.00, '2026-08-22', 1),
(3, 4300.00, '2026-09-06', 2),
(4, 4200.00, '2026-10-17', 3),
(5, 4800.00, '2026-11-12', 1),
(6, 5000.00, '2026-12-03', 2),
(7, 4600.00, '2027-01-18', 3),
(8, 5400.00, '2027-02-14', 1),
(9, 5200.00, '2027-03-11', 2),
(10, 4800.00, '2027-04-06', 1),
(1, 4500.00, '2027-05-23', 3),

INSERT INTO Venta_Factura_Maestro (venta_id, factura_maestro_id) VALUES
(1, 1),
(2, 2),
(3, 3),
(4, 4),
(5, 5),
(6, 6),
(7, 7),
(8, 8),
(9, 9),
(10, 10);
(10, 10),
(11, 11),
(12, 12),
(13, 13),
(14, 14),
(15, 15),
(16, 16),
(17, 17),
(18, 18),
(19, 19),
(20, 20),
(21, 21),
(22, 22),
(23, 23),
(24, 24),
(25, 25),
(26, 26),
(27, 27),
(28, 28),
(29, 29),
(30, 30),
(31, 31),
(32, 32),
(33, 33),
(34, 34),
(35, 35),
(36, 36),
(37, 37),
(38, 38),
(39, 39),
(40, 40),
(41, 41),
(42, 42),
(43, 43),
(44, 44),
(45, 45),
(46, 46),
(47, 47),
(48, 48),
(49, 49),
(50, 50),
(51, 51),
(52, 52),
(53, 53),
(54, 54),
(55, 55),
(56, 56),
(57, 57),
(58, 58),
(59, 59),
(60, 60),
(61, 61),
(62, 62),
(63, 63),
(64, 64),
(65, 65),
(66, 66),
(67, 67),
(68, 68),
(69, 69),
(70, 70),
(71, 71),
(72, 72),
(73, 73),
(74, 74),
(75, 75),
(76, 76),
(77, 77),
(78, 78),
(79, 79),
(80, 80),
(81, 81),
(82, 82),
(83, 83),
(84, 84),
(85, 85),
(86, 86),
(87, 87),
(88, 88),
(89, 89),
(90, 90),
(91, 91),
(92, 92),
(93, 93),
(94, 94),
(95, 95),
(96, 96),
(97, 97),
(98, 98),
(99, 99),
(100, 100);

INSERT INTO Descuento (nombre_descuento, porcentaje, monto_fijo, fecha_inicio, fecha_fin) VALUES
('Black Friday', 15.00, NULL, '2023-11-24', '2023-11-26'),
('Cliente VIP', NULL, 500.00, '2023-01-01', '2023-12-31'),
('Lanzamiento Colección', 10.00, NULL, '2023-03-01', '2023-03-07'),
('Descuento Corporativo', 20.00, NULL, '2023-06-01', '2023-06-30'),
('Aniversario Tienda', NULL, 1000.00, '2023-09-15', '2023-09-20'),
('Temporada Baja', 25.00, NULL, '2023-07-01', '2023-08-31'),
('Compra Múltiple', NULL, 300.00, '2023-04-01', '2023-05-01'),
('Empleados', 40.00, NULL, '2023-01-01', '2023-12-31'),
('Primera Compra', 10.00, NULL, '2023-01-01', '2023-12-31'),
('Pago Efectivo', 5.00, NULL, '2023-05-01', '2023-12-31');

INSERT INTO Producto_Descuento (producto_id, descuento_id, cantidad_aplicada) VALUES
(3, 1, 2),
(7, 3, 5),
(5, 6, 3),
(1, 9, 10),
(2, 4, 1),
(8, 2, 2),
(4, 5, 1),
(6, 7, 4),
(9, 8, 2),
(10, 10, 8);
(11, 1, 6),
(12, 3, 7),
(13, 4, 3),
(14, 2, 9),
(15, 5, 4),
(16, 7, 6),
(17, 8, 2),
(18, 9, 5),
(19, 10, 1),
(20, 1, 8),
(21, 3, 4),
(22, 4, 2),
(23, 2, 5),
(24, 5, 3),
(25, 7, 4),
(26, 8, 7),
(27, 9, 1),
(28, 10, 6),
(29, 1, 5),
(30, 3, 6),
(31, 4, 2),
(32, 2, 3),
(33, 5, 7),
(34, 7, 1),
(35, 8, 4),
(36, 9, 8),
(37, 10, 3),
(38, 1, 9),
(39, 3, 2),
(40, 4, 6),
(41, 2, 8),
(42, 5, 1),
(43, 7, 3),
(44, 8, 2),
(45, 9, 4),
(46, 10, 7),
(47, 1, 3),
(48, 3, 5),
(49, 4, 7),
(50, 2, 1),
(51, 5, 2),
(52, 7, 5),
(53, 8, 6),
(54, 9, 2),
(55, 10, 4),
(56, 1, 7),
(57, 3, 3),
(58, 4, 5),
(59, 2, 4),
(60, 5, 6),
(61, 7, 8),
(62, 8, 7),
(63, 9, 1),
(64, 10, 9),
(65, 1, 2),
(66, 3, 4),
(67, 4, 6),
(68, 2, 5),
(69, 5, 3),
(70, 7, 2),
(71, 8, 4),
(72, 9, 6),
(73, 10, 7),
(74, 1, 8),
(75, 3, 9),
(76, 4, 3),
(77, 2, 6),
(78, 5, 1),
(79, 7, 2),
(80, 8, 3),
(81, 9, 4),
(82, 10, 8),
(83, 1, 5),
(84, 3, 7),
(85, 4, 6),
(86, 2, 1),
(87, 5, 2),
(88, 7, 3),
(89, 8, 5),
(90, 9, 7),
(91, 10, 6),
(92, 1, 4),
(93, 3, 2),
(94, 4, 3),
(95, 2, 6),
(96, 5, 5),
(97, 7, 4),
(98, 8, 7),
(99, 9, 3),
(100, 10, 2);
